Раздел;Код;Наименование;Материал;Размер, мм;Кол-во;Примечание
Каркас;П1;Дно корпуса;Фанера берёзовая ФК 18 мм;597×583×18;1;снизу крепится верхняя пластина механизма
Каркас;П2;Плита под механизм;Фанера берёзовая ФК 18 мм;360×360×18;1;"клей + саморезы 4×30 к П1; в отверстия Ø8 — футорки М6 (вкручиваются сверху до сборки короба)"
Каркас;П3;Плита уровня сиденья;Фанера берёзовая ФК 18 мм;697×673×18;1;передняя царга и опора стенки
Каркас;П4;Верхний шаблон спинки и подлокотников;Фанера берёзовая ФК 18 мм;650×579×18;1;
Каркас;ПГ2;Перегородка передняя;Фанера берёзовая ФК 18 мм;544×278×18;1;
Каркас;ПГ3;Перегородка задняя (опора ремней сиденья);Фанера берёзовая ФК 18 мм;544×263×18;1;верхняя кромка скруглить R5 — по ней идут ремни
Каркас;БВ;Боковина внутренняя (стенка подлокотника и короба сиденья);Фанера берёзовая ФК 15 мм;452×575×15;2;"пара; передняя кромка — профиль торца по модели; пазы под шипы П3; к БВ упираются ПГ2, ПГ3 (конфирматы)"
Каркас;БС;Боковина средняя — торцевая вставка;Фанера берёзовая ФК 18 мм;177×507×18;2;"пара; передняя кромка — профиль торца по модели"
Каркас;БН;Боковина наружная;Фанера берёзовая ФК 15 мм;420×482×15;2;"пара; передняя кромка — профиль торца по модели"
Каркас;ПР1;Проставка между боковинами;Фанера берёзовая ФК 18 мм;70×60×18;4;клей + 2 самореза 4×40 через БВ и через БН
Каркас;ПР2;Проставка между боковинами;Фанера берёзовая ФК 18 мм;70×60×18;4;клей + 2 самореза 4×40 через БВ и через БН
Каркас;ПР3;Проставка между боковинами;Фанера берёзовая ФК 18 мм;70×60×18;4;клей + 2 самореза 4×40 через БВ и через БН
Каркас;РН1;Ребро нижнего короба;Фанера берёзовая ФК 15 мм;115×260×15;1;лекало по сечению модели
Каркас;РН2;Ребро нижнего короба;Фанера берёзовая ФК 15 мм;112×278×15;2;"лекало по сечению модели; пара"
Каркас;РН3;Ребро нижнего короба;Фанера берёзовая ФК 15 мм;113×278×15;2;"лекало по сечению модели; пара"
Каркас;РН4;Ребро нижнего короба;Фанера берёзовая ФК 15 мм;112×278×15;2;"лекало по сечению модели; пара"
Каркас;РН5;Ребро нижнего короба;Фанера берёзовая ФК 15 мм;83×260×15;2;"лекало по сечению модели; пара"
Каркас;РН6;Ребро нижнего короба;Фанера берёзовая ФК 15 мм;85×260×15;1;лекало по сечению модели
Каркас;РВ1;Ребро стенки спинки;Фанера берёзовая ФК 15 мм;86×315×15;1;лекало по сечению модели
Каркас;РВ2;Ребро стенки спинки;Фанера берёзовая ФК 15 мм;76×315×15;2;"лекало по сечению модели; пара"
Каркас;РВ3;Ребро стенки спинки;Фанера берёзовая ФК 15 мм;59×297×15;2;"лекало по сечению модели; пара"
Каркас;РВ4;Ребро стенки спинки;Фанера берёзовая ФК 15 мм;69×297×15;2;"лекало по сечению модели; пара"
Каркас;—;Листы фанеры 18 мм для раскроя;Фанера берёзовая ФК 18 мм, 1525×1525;;1;раскрой — out/cnc/raskroy_18mm_list_*.dxf
Каркас;—;Листы фанеры 15 мм для раскроя;Фанера берёзовая ФК 15 мм, 1525×1525;;1;раскрой — out/cnc/raskroy_15mm_list_*.dxf
Поролон;С1;Сиденье — основа;ППУ EL 3542 (35 кг/м³, 4.2 кПа);464×594×80;1;"на ремни через спанбонд; задняя кромка ступенькой по шаблону"
Поролон;С2;Сиденье — комфортный слой (клин);ППУ HR 3530 (35 кг/м³, 3.0 кПа);464×603×80;1;"режется из листа 80 мм по боковому шаблону (клин спереди толще); передняя верхняя кромка — скругление"
Поролон;С3;Сиденье — завёртка валика;ППУ ST 2536 (25 кг/м³, 3.6 кПа);504×387×20;1;"от середины сиденья через фасад до канта (z≈320); формирует округлый валик"
Поролон;Сп1;Спинка внутренняя — основа;ППУ HR 3530 (35 кг/м³, 3.0 кПа);672×229×50;1;на ремни спинки через спанбонд, огибает задние углы
Поролон;Сп2;Спинка внутренняя — мягкий слой (профильный);ППУ HR 2520 (25 кг/м³, 2.0 кПа);672×229×50;1;толщина 21–42 мм по высоте (шаблон), максимум в зоне поясницы
Поролон;Пл1;Подлокотник — внутренняя сторона;ППУ HR 3530 (35 кг/м³, 3.0 кПа);567×306×40;2;"на боковину БВ; спереди заходит на торец, верхнюю кромку снять на ус под валик"
Поролон;Пл2;Торец подлокотника;ППУ ST 2536 (25 кг/м³, 3.6 кПа);120×306×40;2;"на переднюю кромку лекала ТП и концы полос; скруглить"
Поролон;В1;Верхний валик — нижний слой;ППУ EL 2540 (25 кг/м³, 4.0 кПа);722×651×50;1;клеится на П4 и торцы стенок
Поролон;В2;Верхний валик — верхний слой;ППУ HR 3530 (35 кг/м³, 3.0 кПа);702×625×50;1;"П-образная деталь по контуру; кромки скруглить R≈40 (срезать и зашлифовать)"
Поролон;Н1;Наружная стенка: спинка + боковины (половина);ППУ ST 2536 (25 кг/м³, 3.6 кПа);1298×567×40;2;"от торца подлокотника до шва по центру спинки; снизу заворачивается под дно на 30 мм; одна цельная полоса по высоте"
Поролон;Н3;Формирующий слой боковины (линза);ППУ EL 2540 (25 кг/м³, 4.0 кПа);492×280×30;2;"на БН под Н1, по центру высоты (z≈190–470); края срезать «на нет» на 60–80 мм"
Поролон;Н2;Наружная стенка: фасад под сиденьем;ППУ ST 2536 (25 кг/м³, 3.6 кПа);681×261×40;1;"между торцами подлокотников, до канта сиденья (z≈320); снизу под дно 30 мм"
Листовые;—;Полосы обшивки стенок, ширина 60;Гибкая фанера 4 мм;суммарно 18.0 м.п.;1;низ — 3 ряда (z≈100/180/260), стенка — 4 ряда (z≈370/450/530/600)
Листовые;—;Спанбонд 80 г/м² по ремням сиденья и спинки;Спанбонд 80;≈0,6 м²;1;
Листовые;—;Пылезащитная ткань на дно (вырез 200×200 под механизм);Спанбонд 60;≈0,4 м²;1;
Листовые;—;Синтепон 200 г/м² — обёртка всего кресла (сиденье и спинка в 2 слоя);Синтепон клееный 200 г/м²;≈4.1 м²;1;
Ремни;—;Ремень мебельный эластичный 50 мм (удлинение 40–60 %);;сиденье 5+2, спинка 7;;"≈6.4 м.п. с запасом на хвосты; натяг 5–8 %"
Механизм;—;Поворотный механизм 195×195×25, 360°;сталь;;1;Яндекс Маркет 5583855927
Основание;—;Диск Ø600×6;сталь Ст3, лазерная резка, порошковая покраска;;1;out/cnc/disk_osnovaniya.dxf
Основание;—;Накладки фетр/полиуретан Ø30;;h=4;8;по окружности R270
Крепёж;—;Винт М6×16 потай DIN 7991 + гайка М6 с нейлоном;;;4;нижняя пластина к диску
Крепёж;—;Болт М6×30 DIN 933 + шайба;;;4;верхняя пластина к П1/П2
Крепёж;—;Футорка М6 под Ø8 (вкручиваемая);;;4;в П2 сверху
Крепёж;—;Конфирмат 7×50;;;8;перегородки между собой
Крепёж;—;Саморез 4×40 (4×30 для П2);;;120;плиты к рёбрам через шипы, П2 к П1
Крепёж;—;Клей ПВА D3 столярный;;;0,5 кг;все соединения шип–паз
Крепёж;—;Скобы 80-й серии 8–14 мм;;;1 уп.;ремни, полосы, ткань
Крепёж;—;Клей для ППУ (распыляемый);;;1 л;
